timestamp,message,logStreamName
1615526968694,a08bf0b1-3d30-484c-97b0-ce92513b642e Begin Request,07c06026ad0202c2e3b9d5390f495ab8661d0f1d7b1d317752c8626f498a2e19
1615526968706,"{""logType"":""RequestSummary"",""requestId"":""a08bf0b1-3d30-484c-97b0-ce92513b642e"",""graphQLAPIId"":""s45kxo3iorax7jtan7rh6wnx5m"",""statusCode"":400,""latency"":11357000}",07c06026ad0202c2e3b9d5390f495ab8661d0f1d7b1d317752c8626f498a2e19
1615526968706,a08bf0b1-3d30-484c-97b0-ce92513b642e End Request,07c06026ad0202c2e3b9d5390f495ab8661d0f1d7b1d317752c8626f498a2e19
1615527392976,9af07435-ecd0-4e7d-98a9-a926d6680d7a Begin Request,0c99cfb61ddc026b5ece6faca6757ec8ca2d24e7f6eaf005092da4f5b8eea542
1615527393013,"{""duration"":23779747,""logType"":""ExecutionSummary"",""requestId"":""9af07435-ecd0-4e7d-98a9-a926d6680d7a"",""startTime"":""2021-03-12T05:36:32.989049Z"",""endTime"":""2021-03-12T05:36:33.012828Z"",""parsing"":{""startOffset"":130584,""duration"":120970},""version"":1,""validation"":{""startOffset"":718578,""duration"":584199},""graphQLAPIId"":""s45kxo3iorax7jtan7rh6wnx5m""}",0c99cfb61ddc026b5ece6faca6757ec8ca2d24e7f6eaf005092da4f5b8eea542
1615527393022,"{""logType"":""RequestSummary"",""requestId"":""9af07435-ecd0-4e7d-98a9-a926d6680d7a"",""graphQLAPIId"":""s45kxo3iorax7jtan7rh6wnx5m"",""statusCode"":200,""latency"":46316000}",0c99cfb61ddc026b5ece6faca6757ec8ca2d24e7f6eaf005092da4f5b8eea542
1615527393022,9af07435-ecd0-4e7d-98a9-a926d6680d7a End Request,0c99cfb61ddc026b5ece6faca6757ec8ca2d24e7f6eaf005092da4f5b8eea542
1615540406036,c6a9aa99-810d-459f-9f61-4f6efa9e989e Begin Request,0f7a29d817651687c754909aa0add4fefc0a7ddca2204c1267a928974e08fb38
1615540406047,"{""logType"":""RequestSummary"",""requestId"":""c6a9aa99-810d-459f-9f61-4f6efa9e989e"",""graphQLAPIId"":""s45kxo3iorax7jtan7rh6wnx5m"",""statusCode"":400,""latency"":11009000}",0f7a29d817651687c754909aa0add4fefc0a7ddca2204c1267a928974e08fb38
1615540406047,c6a9aa99-810d-459f-9f61-4f6efa9e989e End Request,0f7a29d817651687c754909aa0add4fefc0a7ddca2204c1267a928974e08fb38
1615781431497,a5a6cfa4-44c1-439e-90ec-cfd17329c30f Begin Request,0a9491fb8de208831c005d1f8fbd9ea4a9cc68528a859fe95a4ce323703cdf8d
1615781431581,"{""duration"":231139,""logType"":""ExecutionSummary"",""requestId"":""a5a6cfa4-44c1-439e-90ec-cfd17329c30f"",""startTime"":""2021-03-15T04:10:31.580740Z"",""endTime"":""2021-03-15T04:10:31.580970Z"",""parsing"":{""startOffset"":37834,""duration"":28521},""version"":1,""validation"":{""startOffset"":99020,""duration"":57766},""graphQLAPIId"":""s45kxo3iorax7jtan7rh6wnx5m""}",0a9491fb8de208831c005d1f8fbd9ea4a9cc68528a859fe95a4ce323703cdf8d
1615781431581,"{""logType"":""RequestSummary"",""requestId"":""a5a6cfa4-44c1-439e-90ec-cfd17329c30f"",""graphQLAPIId"":""s45kxo3iorax7jtan7rh6wnx5m"",""statusCode"":200,""latency"":83774000}",0a9491fb8de208831c005d1f8fbd9ea4a9cc68528a859fe95a4ce323703cdf8d
1615781431581,a5a6cfa4-44c1-439e-90ec-cfd17329c30f End Request,0a9491fb8de208831c005d1f8fbd9ea4a9cc68528a859fe95a4ce323703cdf8d
1615853137818,b47f4e4e-ea90-4a3d-bd09-c8b398e60a03 Begin Request,01427b20bb384c60a3ab63a7f856001c5b3595304546dbeb835f8e8010e8a3e2
1615853137835,"{""duration"":192920,""logType"":""ExecutionSummary"",""requestId"":""b47f4e4e-ea90-4a3d-bd09-c8b398e60a03"",""startTime"":""2021-03-16T00:05:37.835686Z"",""endTime"":""2021-03-16T00:05:37.835878Z"",""parsing"":{""startOffset"":35062,""duration"":27898},""version"":1,""validation"":{""startOffset"":94738,""duration"":57078},""graphQLAPIId"":""s45kxo3iorax7jtan7rh6wnx5m""}",01427b20bb384c60a3ab63a7f856001c5b3595304546dbeb835f8e8010e8a3e2
1615853137836,"{""logType"":""RequestSummary"",""requestId"":""b47f4e4e-ea90-4a3d-bd09-c8b398e60a03"",""graphQLAPIId"":""s45kxo3iorax7jtan7rh6wnx5m"",""statusCode"":200,""latency"":17756000}",01427b20bb384c60a3ab63a7f856001c5b3595304546dbeb835f8e8010e8a3e2
1615853137836,b47f4e4e-ea90-4a3d-bd09-c8b398e60a03 End Request,01427b20bb384c60a3ab63a7f856001c5b3595304546dbeb835f8e8010e8a3e2
1615853137838,3e7f0161-c2c2-4aff-a6a8-0d7d89a9aa8c Begin Request,09063705ba6afc42844e4a0a22a0f8c4e7413da0c60091b4dc2570a38a7aaa62
1615853137863,"{""duration"":201316,""logType"":""ExecutionSummary"",""requestId"":""3e7f0161-c2c2-4aff-a6a8-0d7d89a9aa8c"",""startTime"":""2021-03-16T00:05:37.863526Z"",""endTime"":""2021-03-16T00:05:37.863726Z"",""parsing"":{""startOffset"":35711,""duration"":29235},""version"":1,""validation"":{""startOffset"":88810,""duration"":50775},""graphQLAPIId"":""s45kxo3iorax7jtan7rh6wnx5m""}",09063705ba6afc42844e4a0a22a0f8c4e7413da0c60091b4dc2570a38a7aaa62
1615853137863,"{""logType"":""RequestSummary"",""requestId"":""3e7f0161-c2c2-4aff-a6a8-0d7d89a9aa8c"",""graphQLAPIId"":""s45kxo3iorax7jtan7rh6wnx5m"",""statusCode"":200,""latency"":25050000}",09063705ba6afc42844e4a0a22a0f8c4e7413da0c60091b4dc2570a38a7aaa62
1615853137864,3e7f0161-c2c2-4aff-a6a8-0d7d89a9aa8c End Request,09063705ba6afc42844e4a0a22a0f8c4e7413da0c60091b4dc2570a38a7aaa62
1615854729582,38c68572-4ac3-42da-9cb8-3b5d0a967cca Begin Request,0ed9d398bc11204020beb0a4e74b1e8ccae22b123d570576f9dd0759041a2c77
1615854729600,ae6e9ea1-33de-49da-978d-3fbb5aea52f7 Begin Request,0aface16647b5732b47c235f7c647985a0a362e7660d39b35040b5cc2e41a132
1615854729683,"{""duration"":208887,""logType"":""ExecutionSummary"",""requestId"":""ae6e9ea1-33de-49da-978d-3fbb5aea52f7"",""startTime"":""2021-03-16T00:32:09.683227Z"",""endTime"":""2021-03-16T00:32:09.683435Z"",""parsing"":{""startOffset"":37738,""duration"":27988},""version"":1,""validation"":{""startOffset"":91139,""duration"":49949},""graphQLAPIId"":""s45kxo3iorax7jtan7rh6wnx5m""}",0aface16647b5732b47c235f7c647985a0a362e7660d39b35040b5cc2e41a132
1615854729683,"{""logType"":""RequestSummary"",""requestId"":""ae6e9ea1-33de-49da-978d-3fbb5aea52f7"",""graphQLAPIId"":""s45kxo3iorax7jtan7rh6wnx5m"",""statusCode"":200,""latency"":83172000}",0aface16647b5732b47c235f7c647985a0a362e7660d39b35040b5cc2e41a132
1615854729683,ae6e9ea1-33de-49da-978d-3fbb5aea52f7 End Request,0aface16647b5732b47c235f7c647985a0a362e7660d39b35040b5cc2e41a132
1615854729684,"{""duration"":252148,""logType"":""ExecutionSummary"",""requestId"":""38c68572-4ac3-42da-9cb8-3b5d0a967cca"",""startTime"":""2021-03-16T00:32:09.684498Z"",""endTime"":""2021-03-16T00:32:09.684749Z"",""parsing"":{""startOffset"":40495,""duration"":30645},""version"":1,""validation"":{""startOffset"":105982,""duration"":61028},""graphQLAPIId"":""s45kxo3iorax7jtan7rh6wnx5m""}",0ed9d398bc11204020beb0a4e74b1e8ccae22b123d570576f9dd0759041a2c77
1615854729685,"{""logType"":""RequestSummary"",""requestId"":""38c68572-4ac3-42da-9cb8-3b5d0a967cca"",""graphQLAPIId"":""s45kxo3iorax7jtan7rh6wnx5m"",""statusCode"":200,""latency"":102457000}",0ed9d398bc11204020beb0a4e74b1e8ccae22b123d570576f9dd0759041a2c77
1615854729685,38c68572-4ac3-42da-9cb8-3b5d0a967cca End Request,0ed9d398bc11204020beb0a4e74b1e8ccae22b123d570576f9dd0759041a2c77
1615869836844,ba51349d-3536-4830-948f-0f68b62f72ba Begin Request,08696cb1bd133955d5cdabfafb1ead3e047d63922c64cae3a97822fb948a5c60
1615869836937,"{""duration"":213950,""logType"":""ExecutionSummary"",""requestId"":""ba51349d-3536-4830-948f-0f68b62f72ba"",""startTime"":""2021-03-16T04:43:56.937280Z"",""endTime"":""2021-03-16T04:43:56.937493Z"",""parsing"":{""startOffset"":33859,""duration"":25630},""version"":1,""validation"":{""startOffset"":85381,""duration"":48744},""graphQLAPIId"":""s45kxo3iorax7jtan7rh6wnx5m""}",08696cb1bd133955d5cdabfafb1ead3e047d63922c64cae3a97822fb948a5c60
1615869836937,"{""logType"":""RequestSummary"",""requestId"":""ba51349d-3536-4830-948f-0f68b62f72ba"",""graphQLAPIId"":""s45kxo3iorax7jtan7rh6wnx5m"",""statusCode"":200,""latency"":92797000}",08696cb1bd133955d5cdabfafb1ead3e047d63922c64cae3a97822fb948a5c60
1615869836937,ba51349d-3536-4830-948f-0f68b62f72ba End Request,08696cb1bd133955d5cdabfafb1ead3e047d63922c64cae3a97822fb948a5c60
1615935711175,11435320-2ad4-4789-bd1f-dd3c81850dec Begin Request,083bab83140df473f5ec5545e628c516cd5c149c43fdf735475080cbe459c676
1615935711255,"{""duration"":53826356,""logType"":""ExecutionSummary"",""requestId"":""11435320-2ad4-4789-bd1f-dd3c81850dec"",""startTime"":""2021-03-16T23:01:51.201819Z"",""endTime"":""2021-03-16T23:01:51.255645Z"",""parsing"":{""startOffset"":61477,""duration"":52107},""version"":1,""validation"":{""startOffset"":183888,""duration"":119722},""graphQLAPIId"":""s45kxo3iorax7jtan7rh6wnx5m""}",083bab83140df473f5ec5545e628c516cd5c149c43fdf735475080cbe459c676
1615935711255,"{""logType"":""RequestSummary"",""requestId"":""11435320-2ad4-4789-bd1f-dd3c81850dec"",""graphQLAPIId"":""s45kxo3iorax7jtan7rh6wnx5m"",""statusCode"":200,""latency"":80787000}",083bab83140df473f5ec5545e628c516cd5c149c43fdf735475080cbe459c676
1615935711255,11435320-2ad4-4789-bd1f-dd3c81850dec End Request,083bab83140df473f5ec5545e628c516cd5c149c43fdf735475080cbe459c676
1615942898879,1d8f00ef-5931-4030-b725-0b1afe777580 Begin Request,102ad5522068f95d9182de92ff444de173fe07f0ecb0c2ab4147384da19d2dc4
1615942898961,"{""duration"":177804,""logType"":""ExecutionSummary"",""requestId"":""1d8f00ef-5931-4030-b725-0b1afe777580"",""startTime"":""2021-03-17T01:01:38.961177Z"",""endTime"":""2021-03-17T01:01:38.961354Z"",""parsing"":{""startOffset"":34398,""duration"":26233},""version"":1,""validation"":{""startOffset"":85605,""duration"":48751},""graphQLAPIId"":""s45kxo3iorax7jtan7rh6wnx5m""}",102ad5522068f95d9182de92ff444de173fe07f0ecb0c2ab4147384da19d2dc4
1615942898961,"{""logType"":""RequestSummary"",""requestId"":""1d8f00ef-5931-4030-b725-0b1afe777580"",""graphQLAPIId"":""s45kxo3iorax7jtan7rh6wnx5m"",""statusCode"":200,""latency"":82147000}",102ad5522068f95d9182de92ff444de173fe07f0ecb0c2ab4147384da19d2dc4
1615942898961,1d8f00ef-5931-4030-b725-0b1afe777580 End Request,102ad5522068f95d9182de92ff444de173fe07f0ecb0c2ab4147384da19d2dc4
1615942899182,b4c195f2-37a3-4589-be4b-b08612f9491a Begin Request,0cd17021fe57ab7d86138228eb875d7d98a59ece52f1c6fb57a411678f2bb534
1615942899205,"{""duration"":200353,""logType"":""ExecutionSummary"",""requestId"":""b4c195f2-37a3-4589-be4b-b08612f9491a"",""startTime"":""2021-03-17T01:01:39.205077Z"",""endTime"":""2021-03-17T01:01:39.205277Z"",""parsing"":{""startOffset"":34251,""duration"":25908},""version"":1,""validation"":{""startOffset"":85965,""duration"":48702},""graphQLAPIId"":""s45kxo3iorax7jtan7rh6wnx5m""}",0cd17021fe57ab7d86138228eb875d7d98a59ece52f1c6fb57a411678f2bb534
1615942899205,"{""logType"":""RequestSummary"",""requestId"":""b4c195f2-37a3-4589-be4b-b08612f9491a"",""graphQLAPIId"":""s45kxo3iorax7jtan7rh6wnx5m"",""statusCode"":200,""latency"":23361000}",0cd17021fe57ab7d86138228eb875d7d98a59ece52f1c6fb57a411678f2bb534
1615942899205,b4c195f2-37a3-4589-be4b-b08612f9491a End Request,0cd17021fe57ab7d86138228eb875d7d98a59ece52f1c6fb57a411678f2bb534
1615957012998,2cce3c1a-9861-4a7a-bce6-c28e84434cc9 Begin Request,0f2cdb0323d2173e447e81b746b0698d6985687fe5ed4c7b0dcbe6bda5d6dbfb
1615957013106,"{""duration"":214465,""logType"":""ExecutionSummary"",""requestId"":""2cce3c1a-9861-4a7a-bce6-c28e84434cc9"",""startTime"":""2021-03-17T04:56:53.106232Z"",""endTime"":""2021-03-17T04:56:53.106446Z"",""parsing"":{""startOffset"":36517,""duration"":27877},""version"":1,""validation"":{""startOffset"":87937,""duration"":48696},""graphQLAPIId"":""s45kxo3iorax7jtan7rh6wnx5m""}",0f2cdb0323d2173e447e81b746b0698d6985687fe5ed4c7b0dcbe6bda5d6dbfb
1615957013106,"{""logType"":""RequestSummary"",""requestId"":""2cce3c1a-9861-4a7a-bce6-c28e84434cc9"",""graphQLAPIId"":""s45kxo3iorax7jtan7rh6wnx5m"",""statusCode"":200,""latency"":107952000}",0f2cdb0323d2173e447e81b746b0698d6985687fe5ed4c7b0dcbe6bda5d6dbfb
1615957013106,2cce3c1a-9861-4a7a-bce6-c28e84434cc9 End Request,0f2cdb0323d2173e447e81b746b0698d6985687fe5ed4c7b0dcbe6bda5d6dbfb
1615957038417,ef6d0b74-0f85-4dfc-939b-3bc4b0b03d0e Begin Request,096ee1b779f573ac43838713b0c2aa8feeaea701b101821f145ade5710ab0dae
1615957038434,0469486e-4a3a-4a5c-ad56-f7e869c7fd04 Begin Request,094e64ea417c84474c6ccd2985afa45c354259ad747a12cb794d9f560145ba74
1615957038445,"{""duration"":224970,""logType"":""ExecutionSummary"",""requestId"":""ef6d0b74-0f85-4dfc-939b-3bc4b0b03d0e"",""startTime"":""2021-03-17T04:57:18.445355Z"",""endTime"":""2021-03-17T04:57:18.445579Z"",""parsing"":{""startOffset"":38677,""duration"":27912},""version"":1,""validation"":{""startOffset"":97231,""duration"":55275},""graphQLAPIId"":""s45kxo3iorax7jtan7rh6wnx5m""}",096ee1b779f573ac43838713b0c2aa8feeaea701b101821f145ade5710ab0dae
1615957038445,"{""logType"":""RequestSummary"",""requestId"":""ef6d0b74-0f85-4dfc-939b-3bc4b0b03d0e"",""graphQLAPIId"":""s45kxo3iorax7jtan7rh6wnx5m"",""statusCode"":200,""latency"":28402000}",096ee1b779f573ac43838713b0c2aa8feeaea701b101821f145ade5710ab0dae
1615957038445,ef6d0b74-0f85-4dfc-939b-3bc4b0b03d0e End Request,096ee1b779f573ac43838713b0c2aa8feeaea701b101821f145ade5710ab0dae
1615957038458,"{""duration"":184538,""logType"":""ExecutionSummary"",""requestId"":""0469486e-4a3a-4a5c-ad56-f7e869c7fd04"",""startTime"":""2021-03-17T04:57:18.457920Z"",""endTime"":""2021-03-17T04:57:18.458104Z"",""parsing"":{""startOffset"":31314,""duration"":22920},""version"":1,""validation"":{""startOffset"":83949,""duration"":49922},""graphQLAPIId"":""s45kxo3iorax7jtan7rh6wnx5m""}",094e64ea417c84474c6ccd2985afa45c354259ad747a12cb794d9f560145ba74
1615957038458,"{""logType"":""RequestSummary"",""requestId"":""0469486e-4a3a-4a5c-ad56-f7e869c7fd04"",""graphQLAPIId"":""s45kxo3iorax7jtan7rh6wnx5m"",""statusCode"":200,""latency"":23499000}",094e64ea417c84474c6ccd2985afa45c354259ad747a12cb794d9f560145ba74
1615957038458,0469486e-4a3a-4a5c-ad56-f7e869c7fd04 End Request,094e64ea417c84474c6ccd2985afa45c354259ad747a12cb794d9f560145ba74
1615976821069,ffb25a58-92f4-4c4c-a1cd-237e3dda49b3 Begin Request,07a178c4d32eaa02c178b1f06f2c498b9b06a1165b3c7b9f8c94de8bfb33331f
1615976821076,"{""logType"":""RequestSummary"",""requestId"":""ffb25a58-92f4-4c4c-a1cd-237e3dda49b3"",""graphQLAPIId"":""s45kxo3iorax7jtan7rh6wnx5m"",""statusCode"":401,""latency"":7143000}",07a178c4d32eaa02c178b1f06f2c498b9b06a1165b3c7b9f8c94de8bfb33331f
1615976821076,ffb25a58-92f4-4c4c-a1cd-237e3dda49b3 End Request,07a178c4d32eaa02c178b1f06f2c498b9b06a1165b3c7b9f8c94de8bfb33331f
1615976822052,dd512eae-4e74-41fb-957a-02c2d6f7cf55 Begin Request,0bb4b87695e413853846e522fb24fafae768452a6c136d3906ad414a18fae498
1615976822063,"{""logType"":""RequestSummary"",""requestId"":""dd512eae-4e74-41fb-957a-02c2d6f7cf55"",""graphQLAPIId"":""s45kxo3iorax7jtan7rh6wnx5m"",""statusCode"":401,""latency"":10447000}",0bb4b87695e413853846e522fb24fafae768452a6c136d3906ad414a18fae498
1615976822063,dd512eae-4e74-41fb-957a-02c2d6f7cf55 End Request,0bb4b87695e413853846e522fb24fafae768452a6c136d3906ad414a18fae498
1616019889780,29b214cf-c6c1-4067-afa6-ee7e4b80545a Begin Request,12884d406c105cfe5ed0321c6f75071713e60b8916d2e5410e9be574fadb91e1
1616019889800,f951483d-0831-40fa-867c-7f5d1ec9eced Begin Request,0e46942cc9dfbe02df6cf2d4466d860eaf7d5c9082fc0d2144728a9ef660a868
1616019889859,"{""duration"":208442,""logType"":""ExecutionSummary"",""requestId"":""f951483d-0831-40fa-867c-7f5d1ec9eced"",""startTime"":""2021-03-17T22:24:49.859Z"",""endTime"":""2021-03-17T22:24:49.859207Z"",""parsing"":{""startOffset"":37120,""duration"":28695},""version"":1,""validation"":{""startOffset"":94121,""duration"":54161},""graphQLAPIId"":""s45kxo3iorax7jtan7rh6wnx5m""}",0e46942cc9dfbe02df6cf2d4466d860eaf7d5c9082fc0d2144728a9ef660a868
1616019889859,"{""logType"":""RequestSummary"",""requestId"":""f951483d-0831-40fa-867c-7f5d1ec9eced"",""graphQLAPIId"":""s45kxo3iorax7jtan7rh6wnx5m"",""statusCode"":200,""latency"":58652000}",0e46942cc9dfbe02df6cf2d4466d860eaf7d5c9082fc0d2144728a9ef660a868
1616019889859,f951483d-0831-40fa-867c-7f5d1ec9eced End Request,0e46942cc9dfbe02df6cf2d4466d860eaf7d5c9082fc0d2144728a9ef660a868
1616019889862,"{""duration"":231353,""logType"":""ExecutionSummary"",""requestId"":""29b214cf-c6c1-4067-afa6-ee7e4b80545a"",""startTime"":""2021-03-17T22:24:49.862700Z"",""endTime"":""2021-03-17T22:24:49.862930Z"",""parsing"":{""startOffset"":40780,""duration"":30472},""version"":1,""validation"":{""startOffset"":101703,""duration"":57744},""graphQLAPIId"":""s45kxo3iorax7jtan7rh6wnx5m""}",12884d406c105cfe5ed0321c6f75071713e60b8916d2e5410e9be574fadb91e1
1616019889863,"{""logType"":""RequestSummary"",""requestId"":""29b214cf-c6c1-4067-afa6-ee7e4b80545a"",""graphQLAPIId"":""s45kxo3iorax7jtan7rh6wnx5m"",""statusCode"":200,""latency"":83171000}",12884d406c105cfe5ed0321c6f75071713e60b8916d2e5410e9be574fadb91e1
1616019889863,29b214cf-c6c1-4067-afa6-ee7e4b80545a End Request,12884d406c105cfe5ed0321c6f75071713e60b8916d2e5410e9be574fadb91e1
1616023996108,c6db769c-9b46-449f-b20a-6a0b1da6df61 Begin Request,06b008cdcb848bf34cb8aa84055f86a7e22cc80e47e7193bb6cebbeff16c6218
1616023996136,"{""duration"":235312,""logType"":""ExecutionSummary"",""requestId"":""c6db769c-9b46-449f-b20a-6a0b1da6df61"",""startTime"":""2021-03-17T23:33:16.136076Z"",""endTime"":""2021-03-17T23:33:16.136310Z"",""parsing"":{""startOffset"":37340,""duration"":26556},""version"":1,""validation"":{""startOffset"":100491,""duration"":58891},""graphQLAPIId"":""s45kxo3iorax7jtan7rh6wnx5m""}",06b008cdcb848bf34cb8aa84055f86a7e22cc80e47e7193bb6cebbeff16c6218
1616023996136,"{""logType"":""RequestSummary"",""requestId"":""c6db769c-9b46-449f-b20a-6a0b1da6df61"",""graphQLAPIId"":""s45kxo3iorax7jtan7rh6wnx5m"",""statusCode"":200,""latency"":27915000}",06b008cdcb848bf34cb8aa84055f86a7e22cc80e47e7193bb6cebbeff16c6218
1616023996136,c6db769c-9b46-449f-b20a-6a0b1da6df61 End Request,06b008cdcb848bf34cb8aa84055f86a7e22cc80e47e7193bb6cebbeff16c6218
1616024002757,b93ceab8-ceb8-4292-8aa6-cbd6829f9c43 Begin Request,0b0e39271058040783590f8237c8012d719f5296d8bfab0f130ee81fc20370d2
1616024002781,7f1a3922-4788-48fc-a7d7-cf1ca849059d Begin Request,096ee1b779f573ac43838713b0c2aa8feeaea701b101821f145ade5710ab0dae
1616024002838,"{""duration"":53946293,""logType"":""ExecutionSummary"",""requestId"":""b93ceab8-ceb8-4292-8aa6-cbd6829f9c43"",""startTime"":""2021-03-17T23:33:22.784803Z"",""endTime"":""2021-03-17T23:33:22.838748Z"",""parsing"":{""startOffset"":60337,""duration"":53589},""version"":1,""validation"":{""startOffset"":156017,""duration"":92577},""graphQLAPIId"":""s45kxo3iorax7jtan7rh6wnx5m""}",0b0e39271058040783590f8237c8012d719f5296d8bfab0f130ee81fc20370d2
1616024002839,"{""logType"":""RequestSummary"",""requestId"":""b93ceab8-ceb8-4292-8aa6-cbd6829f9c43"",""graphQLAPIId"":""s45kxo3iorax7jtan7rh6wnx5m"",""statusCode"":200,""latency"":81314000}",0b0e39271058040783590f8237c8012d719f5296d8bfab0f130ee81fc20370d2
1616024002839,b93ceab8-ceb8-4292-8aa6-cbd6829f9c43 End Request,0b0e39271058040783590f8237c8012d719f5296d8bfab0f130ee81fc20370d2
1616024002855,"{""duration"":43819248,""logType"":""ExecutionSummary"",""requestId"":""7f1a3922-4788-48fc-a7d7-cf1ca849059d"",""startTime"":""2021-03-17T23:33:22.811405Z"",""endTime"":""2021-03-17T23:33:22.855223Z"",""parsing"":{""startOffset"":68516,""duration"":58995},""version"":1,""validation"":{""startOffset"":179470,""duration"":107188},""graphQLAPIId"":""s45kxo3iorax7jtan7rh6wnx5m""}",096ee1b779f573ac43838713b0c2aa8feeaea701b101821f145ade5710ab0dae
1616024002855,"{""logType"":""RequestSummary"",""requestId"":""7f1a3922-4788-48fc-a7d7-cf1ca849059d"",""graphQLAPIId"":""s45kxo3iorax7jtan7rh6wnx5m"",""statusCode"":200,""latency"":73897000}",096ee1b779f573ac43838713b0c2aa8feeaea701b101821f145ade5710ab0dae
1616024002855,7f1a3922-4788-48fc-a7d7-cf1ca849059d End Request,096ee1b779f573ac43838713b0c2aa8feeaea701b101821f145ade5710ab0dae
1616024002977,3e115041-bb85-43a2-b7a9-b2f349e9f2c6 Begin Request,117ff7cd882648a336139ee0043c2f0f984389ab791e8e1c8df125fd69fbf69b
1616024003053,"{""duration"":56325016,""logType"":""ExecutionSummary"",""requestId"":""3e115041-bb85-43a2-b7a9-b2f349e9f2c6"",""startTime"":""2021-03-17T23:33:22.996815Z"",""endTime"":""2021-03-17T23:33:23.053139Z"",""parsing"":{""startOffset"":59708,""duration"":50029},""version"":1,""validation"":{""startOffset"":170391,""duration"":106156},""graphQLAPIId"":""s45kxo3iorax7jtan7rh6wnx5m""}",117ff7cd882648a336139ee0043c2f0f984389ab791e8e1c8df125fd69fbf69b
1616024003053,"{""logType"":""RequestSummary"",""requestId"":""3e115041-bb85-43a2-b7a9-b2f349e9f2c6"",""graphQLAPIId"":""s45kxo3iorax7jtan7rh6wnx5m"",""statusCode"":200,""latency"":75577000}",117ff7cd882648a336139ee0043c2f0f984389ab791e8e1c8df125fd69fbf69b
1616024003053,3e115041-bb85-43a2-b7a9-b2f349e9f2c6 End Request,117ff7cd882648a336139ee0043c2f0f984389ab791e8e1c8df125fd69fbf69b
1616024008430,22cd7909-0db8-4533-beff-1bb791c7e38e Begin Request,0c39191bc102234f47ede3ae2aec71ea4a56628ac19d626c699f952856577cf0
1616024008452,"{""duration"":228747,""logType"":""ExecutionSummary"",""requestId"":""22cd7909-0db8-4533-beff-1bb791c7e38e"",""startTime"":""2021-03-17T23:33:28.451907Z"",""endTime"":""2021-03-17T23:33:28.452135Z"",""parsing"":{""startOffset"":35419,""duration"":27032},""version"":1,""validation"":{""startOffset"":90993,""duration"":52668},""graphQLAPIId"":""s45kxo3iorax7jtan7rh6wnx5m""}",0c39191bc102234f47ede3ae2aec71ea4a56628ac19d626c699f952856577cf0
1616024008452,"{""logType"":""RequestSummary"",""requestId"":""22cd7909-0db8-4533-beff-1bb791c7e38e"",""graphQLAPIId"":""s45kxo3iorax7jtan7rh6wnx5m"",""statusCode"":200,""latency"":21618000}",0c39191bc102234f47ede3ae2aec71ea4a56628ac19d626c699f952856577cf0
1616024008452,22cd7909-0db8-4533-beff-1bb791c7e38e End Request,0c39191bc102234f47ede3ae2aec71ea4a56628ac19d626c699f952856577cf0
1616029295095,bdc9726a-4e9c-4772-86c1-0380b4802f9e Begin Request,0b51232cdddab12339e6f8abcd51aa5f51c0a77ff2632b933157fcfb2325734d
1616029295192,"{""duration"":197841,""logType"":""ExecutionSummary"",""requestId"":""bdc9726a-4e9c-4772-86c1-0380b4802f9e"",""startTime"":""2021-03-18T01:01:35.192383Z"",""endTime"":""2021-03-18T01:01:35.192580Z"",""parsing"":{""startOffset"":38255,""duration"":29054},""version"":1,""validation"":{""startOffset"":94634,""duration"":53724},""graphQLAPIId"":""s45kxo3iorax7jtan7rh6wnx5m""}",0b51232cdddab12339e6f8abcd51aa5f51c0a77ff2632b933157fcfb2325734d
1616029295192,"{""logType"":""RequestSummary"",""requestId"":""bdc9726a-4e9c-4772-86c1-0380b4802f9e"",""graphQLAPIId"":""s45kxo3iorax7jtan7rh6wnx5m"",""statusCode"":200,""latency"":96946000}",0b51232cdddab12339e6f8abcd51aa5f51c0a77ff2632b933157fcfb2325734d
1616029295192,bdc9726a-4e9c-4772-86c1-0380b4802f9e End Request,0b51232cdddab12339e6f8abcd51aa5f51c0a77ff2632b933157fcfb2325734d
1616035004090,55ac214a-a1c8-4de9-bab5-3507837129eb Begin Request,05fbaba536a3c4c170d10e2b361ca5ae1fc7dc47efbb154b45edf86559f5621d
1616035004184,"{""duration"":171781,""logType"":""ExecutionSummary"",""requestId"":""55ac214a-a1c8-4de9-bab5-3507837129eb"",""startTime"":""2021-03-18T02:36:44.184010Z"",""endTime"":""2021-03-18T02:36:44.184181Z"",""parsing"":{""startOffset"":29780,""duration"":22832},""version"":1,""validation"":{""startOffset"":78590,""duration"":44966},""graphQLAPIId"":""s45kxo3iorax7jtan7rh6wnx5m""}",05fbaba536a3c4c170d10e2b361ca5ae1fc7dc47efbb154b45edf86559f5621d
1616035004184,"{""logType"":""RequestSummary"",""requestId"":""55ac214a-a1c8-4de9-bab5-3507837129eb"",""graphQLAPIId"":""s45kxo3iorax7jtan7rh6wnx5m"",""statusCode"":200,""latency"":93661000}",05fbaba536a3c4c170d10e2b361ca5ae1fc7dc47efbb154b45edf86559f5621d
1616035004184,55ac214a-a1c8-4de9-bab5-3507837129eb End Request,05fbaba536a3c4c170d10e2b361ca5ae1fc7dc47efbb154b45edf86559f5621d